Frame,Ball,x,y
0,1,0.322,0.624
1,1,0.312,0.630
2,1,0.302,0.636
3,1,0.292,0.643
4,1,0.292,0.643
5,1,0.268,0.670
6,1,0.256,0.685
7,1,0.256,0.685
8,1,0.230,0.735
9,1,0.216,0.763
10,1,0.217,0.764
11,1,0.281,0.614
12,1,0.320,0.531
13,1,0.316,0.531
14,1,0.350,0.464
15,1,0.377,0.409
16,1,0.402,0.365
17,1,0.441,0.296
18,1,0.441,0.296
19,1,0.458,0.269
20,1,0.484,0.235
21,1,0.495,0.222
22,1,0.497,0.219
23,1,0.517,0.202
24,1,0.527,0.198
25,1,0.542,0.193
26,1,0.542,0.192
27,1,0.549,0.191
28,1,0.555,0.193
29,1,0.566,0.198
30,1,0.567,0.198
31,1,0.570,0.206
32,1,0.580,0.215
33,0,-1.000,-1.000
34,1,0.583,0.224
35,0,-1.000,-1.000
36,1,0.592,0.200
37,1,0.592,0.198
38,1,0.594,0.192
39,1,0.594,0.194
40,1,0.597,0.192
41,1,0.599,0.187
42,1,0.603,0.184
43,1,0.605,0.186
44,1,0.605,0.184
45,1,0.608,0.194
46,1,0.613,0.194
47,1,0.615,0.208
48,1,0.616,0.211
49,1,0.618,0.217
50,1,0.619,0.230
51,1,0.621,0.237
52,1,0.621,0.240
53,1,0.624,0.262
54,1,0.626,0.277
55,1,0.629,0.312
56,1,0.629,0.314
57,1,0.630,0.331
58,1,0.632,0.353
59,1,0.634,0.356
60,1,0.637,0.344
61,1,0.637,0.341
62,1,0.637,0.335
63,1,0.639,0.329
64,1,0.641,0.328
65,1,0.641,0.328
66,1,0.645,0.326
67,1,0.647,0.325
68,1,0.646,0.326
69,1,0.647,0.328
70,1,0.648,0.336
71,1,0.653,0.344
72,1,0.650,0.344
73,0,-1.000,-1.000
74,0,-1.000,-1.000
75,0,-1.000,-1.000
76,0,-1.000,-1.000
77,0,-1.000,-1.000
78,0,-1.000,-1.000
79,0,-1.000,-1.000
80,0,-1.000,-1.000
81,1,0.641,0.245
82,1,0.639,0.231
83,1,0.640,0.232
84,1,0.635,0.206
85,1,0.632,0.194
86,1,0.632,0.195
87,1,0.630,0.183
88,1,0.628,0.179
89,1,0.621,0.168
90,1,0.621,0.169
91,1,0.619,0.166
92,1,0.615,0.165
93,1,0.614,0.165
94,1,0.612,0.168
95,1,0.610,0.166
96,1,0.607,0.174
97,1,0.605,0.176
98,1,0.603,0.181
99,1,0.603,0.186
100,1,0.603,0.184
101,1,0.599,0.192
102,1,0.585,0.181
103,1,0.567,0.171
104,1,0.569,0.171
105,1,0.559,0.177
106,1,0.541,0.168
107,1,0.534,0.168
108,1,0.532,0.168
109,1,0.523,0.170
110,1,0.503,0.173
111,1,0.491,0.181
112,1,0.493,0.183
113,1,0.482,0.190
114,1,0.461,0.214
115,1,0.449,0.227
116,1,0.428,0.254
117,1,0.427,0.254
118,1,0.417,0.275
119,1,0.392,0.310
120,1,0.392,0.310
121,1,0.382,0.338
122,1,0.370,0.360
123,1,0.370,0.362
124,1,0.359,0.387
125,1,0.347,0.414
126,1,0.348,0.411
127,1,0.327,0.395
128,1,0.305,0.389
129,1,0.304,0.387
130,1,0.294,0.386
131,1,0.281,0.381
132,1,0.280,0.381
133,1,0.260,0.386
134,1,0.247,0.392
135,1,0.248,0.387
136,1,0.236,0.394
137,1,0.224,0.402
138,1,0.201,0.424
139,1,0.189,0.435
140,1,0.191,0.431
141,1,0.167,0.469
142,0,-1.000,-1.000
143,1,0.254,0.349
144,1,0.253,0.350
145,1,0.278,0.317
146,1,0.323,0.265
147,1,0.343,0.247
148,1,0.343,0.245
149,1,0.379,0.208
150,1,0.396,0.200
151,1,0.423,0.181
152,1,0.424,0.179
153,1,0.436,0.171
154,1,0.460,0.162
155,1,0.460,0.160
156,1,0.471,0.160
157,1,0.482,0.165
158,1,0.499,0.173
159,0,-1.000,-1.000
160,1,0.500,0.162
161,1,0.518,0.162
162,1,0.523,0.159
163,1,0.538,0.171
164,1,0.537,0.169
165,1,0.545,0.174
166,1,0.559,0.190
167,1,0.568,0.200
168,1,0.567,0.198
169,1,0.576,0.211
170,1,0.583,0.229
171,1,0.592,0.244
172,1,0.592,0.243
173,1,0.610,0.282
174,1,0.630,0.325
175,1,0.637,0.352
176,1,0.639,0.353
177,1,0.646,0.379
178,1,0.665,0.419
179,1,0.673,0.413
180,1,0.673,0.413
181,1,0.681,0.411
182,1,0.689,0.414
183,1,0.697,0.414
184,1,0.715,0.426
185,1,0.715,0.424
186,1,0.723,0.432
187,1,0.742,0.458
188,1,0.740,0.456
189,1,0.751,0.474
190,1,0.761,0.490
191,1,0.760,0.491
192,1,0.779,0.529
193,1,0.786,0.553
194,1,0.796,0.581
195,1,0.796,0.579
196,1,0.818,0.624
197,1,0.832,0.632
198,1,0.863,0.650
199,1,0.864,0.650
200,1,0.880,0.665
201,1,0.896,0.686
202,1,0.894,0.683
203,1,0.911,0.707
204,1,0.948,0.759
205,1,0.945,0.756
206,1,0.964,0.789
207,1,0.982,0.821
208,0,-1.000,-1.000
209,0,-1.000,-1.000
210,0,-1.000,-1.000
211,0,-1.000,-1.000
212,0,-1.000,-1.000
213,0,-1.000,-1.000
214,0,-1.000,-1.000
215,0,-1.000,-1.000
216,1,0.589,0.579
217,1,0.589,0.574
218,1,0.624,0.614
219,1,0.624,0.613
220,1,0.654,0.656
221,1,0.670,0.693
222,1,0.669,0.688
223,0,-1.000,-1.000
224,0,-1.000,-1.000
225,0,-1.000,-1.000
226,1,0.641,0.577
227,1,0.640,0.589
228,1,0.605,0.486
229,1,0.604,0.491
230,1,0.574,0.414
231,1,0.516,0.280
232,1,0.517,0.278
233,1,0.491,0.230
234,1,0.491,0.230
235,1,0.464,0.190
236,1,0.464,0.187
237,1,0.450,0.174
238,1,0.439,0.173
239,1,0.436,0.170
240,1,0.435,0.170
241,1,0.431,0.171
242,1,0.428,0.173
243,1,0.428,0.171
244,1,0.426,0.176
245,1,0.416,0.190
246,1,0.415,0.193
247,1,0.414,0.197
248,1,0.413,0.203
249,1,0.408,0.190
250,1,0.408,0.192
251,1,0.406,0.169
252,1,0.403,0.153
253,1,0.401,0.156
254,1,0.402,0.147
255,1,0.399,0.144
256,1,0.399,0.144
257,1,0.399,0.139
258,1,0.396,0.135
259,1,0.395,0.131
260,1,0.395,0.131
261,1,0.401,0.125
262,1,0.406,0.119
263,1,0.411,0.112
264,1,0.413,0.112
265,1,0.417,0.109
266,1,0.429,0.106
267,1,0.432,0.101
268,1,0.433,0.098
269,1,0.440,0.101
270,1,0.447,0.094
271,1,0.456,0.099
272,1,0.455,0.093
273,1,0.465,0.099
274,1,0.473,0.102
275,1,0.473,0.102
276,1,0.485,0.107
277,1,0.496,0.115
278,1,0.505,0.122
279,1,0.505,0.122
280,1,0.540,0.157
281,1,0.554,0.173
282,1,0.566,0.189
283,1,0.567,0.190
284,1,0.581,0.211
285,1,0.594,0.235
286,1,0.594,0.235
287,1,0.609,0.261
288,0,-1.000,-1.000
289,0,-1.000,-1.000
290,1,0.597,0.179
291,1,0.596,0.168
292,1,0.592,0.156
293,1,0.589,0.152
294,1,0.590,0.150
295,1,0.588,0.144
296,1,0.584,0.144
297,1,0.582,0.139
298,1,0.583,0.138
299,1,0.580,0.138
300,1,0.578,0.135
301,1,0.576,0.136
302,1,0.576,0.133
303,1,0.572,0.136
304,1,0.572,0.141
305,1,0.570,0.141
306,1,0.570,0.144
307,1,0.567,0.150
308,1,0.565,0.155
309,1,0.566,0.156
310,1,0.563,0.160
311,1,0.561,0.170
312,1,0.560,0.176
313,1,0.561,0.173
314,1,0.557,0.181
315,1,0.557,0.192
316,1,0.556,0.181
317,1,0.557,0.184
318,1,0.557,0.174
319,1,0.557,0.168
320,1,0.557,0.166
321,1,0.557,0.152
322,1,0.556,0.144
323,1,0.556,0.142
324,1,0.558,0.138
325,1,0.554,0.133
326,1,0.553,0.133
327,1,0.548,0.131
328,1,0.545,0.131
329,1,0.543,0.129
330,1,0.534,0.131
331,1,0.529,0.135
332,1,0.529,0.136
333,1,0.520,0.144
334,1,0.511,0.149
335,1,0.505,0.157
336,1,0.492,0.176
337,1,0.491,0.174
338,1,0.477,0.203
339,1,0.467,0.223
340,1,0.466,0.219
341,1,0.459,0.237
342,1,0.440,0.281
343,1,0.442,0.286
344,1,0.441,0.283
345,0,-1.000,-1.000
346,0,-1.000,-1.000
347,1,0.473,0.221
348,1,0.491,0.190
349,1,0.491,0.193
350,1,0.498,0.181
351,1,0.518,0.159
352,1,0.519,0.163
353,1,0.520,0.162
354,1,0.531,0.153
355,1,0.532,0.153
356,1,0.539,0.147
357,1,0.550,0.147
358,1,0.556,0.152
359,1,0.556,0.150
360,1,0.565,0.153
361,1,0.576,0.157
362,1,0.576,0.159
363,1,0.580,0.165
364,1,0.585,0.170
365,1,0.584,0.169
366,1,0.594,0.184
367,1,0.597,0.193
368,1,0.603,0.208
369,1,0.603,0.208
370,1,0.606,0.197
371,1,0.610,0.181
372,1,0.610,0.181
373,1,0.614,0.173
374,1,0.617,0.160
375,1,0.619,0.155
376,1,0.619,0.157
377,1,0.622,0.153
378,1,0.627,0.150
379,1,0.628,0.146
380,1,0.628,0.144
381,1,0.630,0.147
382,1,0.631,0.147
383,1,0.628,0.144
384,1,0.611,0.126
385,1,0.610,0.123
386,1,0.602,0.131
387,1,0.586,0.128
388,1,0.586,0.126
389,1,0.576,0.128
390,1,0.566,0.131
391,1,0.544,0.138
392,1,0.546,0.139
393,1,0.533,0.139
394,1,0.521,0.152
395,1,0.522,0.149
396,1,0.494,0.168
397,1,0.469,0.195
398,1,0.453,0.216
399,1,0.438,0.235
400,1,0.438,0.232
401,1,0.408,0.275
402,1,0.409,0.280
403,0,-1.000,-1.000
404,1,0.397,0.245
405,1,0.396,0.241
406,1,0.399,0.223
407,1,0.404,0.177
408,1,0.407,0.162
409,1,0.409,0.160
410,1,0.413,0.129
411,1,0.417,0.117
412,1,0.419,0.104
413,1,0.419,0.107
414,1,0.424,0.090
415,1,0.428,0.082
416,1,0.430,0.081
417,1,0.430,0.077
418,1,0.433,0.071
419,1,0.436,0.072
420,1,0.442,0.075
421,1,0.442,0.072
422,1,0.442,0.077
423,1,0.444,0.078
424,1,0.445,0.080
425,1,0.448,0.091
426,1,0.450,0.096
427,1,0.452,0.096
428,1,0.455,0.107
429,1,0.457,0.115
430,1,0.458,0.123
431,1,0.463,0.142
432,1,0.460,0.144
433,1,0.463,0.155
434,1,0.467,0.160
435,1,0.466,0.159
436,1,0.467,0.176
437,1,0.470,0.181
438,1,0.470,0.171
439,1,0.469,0.173
440,1,0.470,0.155
441,1,0.471,0.147
442,1,0.473,0.131
443,1,0.471,0.133
444,1,0.474,0.125
445,1,0.474,0.120
446,1,0.468,0.119
447,1,0.469,0.120
448,1,0.462,0.119
449,1,0.458,0.117
450,1,0.457,0.117
451,1,0.446,0.120
452,1,0.439,0.126
453,1,0.439,0.123
454,1,0.426,0.135
455,1,0.418,0.146
456,1,0.419,0.144
457,1,0.402,0.170
458,1,0.393,0.184
459,1,0.393,0.183
460,1,0.383,0.203
461,1,0.375,0.227
462,1,0.384,0.224
463,1,0.382,0.226
464,1,0.419,0.197
465,1,0.449,0.181
466,1,0.464,0.173
467,1,0.464,0.173
468,1,0.490,0.166
469,1,0.504,0.163
470,1,0.523,0.166
471,1,0.524,0.165
472,1,0.535,0.168
473,1,0.545,0.166
474,1,0.561,0.177
475,1,0.561,0.174
476,1,0.568,0.181
477,1,0.585,0.187
478,1,0.592,0.198
479,1,0.591,0.197
480,1,0.605,0.214
481,1,0.612,0.221
482,1,0.613,0.224
483,1,0.616,0.213
484,1,0.620,0.198
485,1,0.621,0.203
486,1,0.632,0.186
487,1,0.636,0.184
488,1,0.636,0.181
489,1,0.641,0.177
490,1,0.650,0.169
491,1,0.654,0.170
492,1,0.654,0.171
493,1,0.660,0.170
494,1,0.666,0.171
495,1,0.665,0.170
496,1,0.670,0.171
497,1,0.670,0.170
498,1,0.677,0.166
499,1,0.681,0.165
500,1,0.679,0.163
501,1,0.686,0.166
502,1,0.688,0.169
503,1,0.690,0.170
504,1,0.695,0.173
505,1,0.701,0.187
506,1,0.701,0.189
507,1,0.703,0.198
508,1,0.706,0.207
509,1,0.710,0.234
510,1,0.711,0.232
511,1,0.711,0.250
512,1,0.714,0.271
513,1,0.718,0.309
514,1,0.719,0.310
515,1,0.718,0.339
516,1,0.722,0.394
517,1,0.714,0.392
518,1,0.697,0.363
519,1,0.696,0.360
520,0,-1.000,-1.000
521,1,0.653,0.286
522,1,0.639,0.269
523,1,0.616,0.235
524,1,0.604,0.223
525,1,0.605,0.223
526,1,0.583,0.202
527,1,0.573,0.195
528,1,0.574,0.198
529,1,0.561,0.193
530,1,0.555,0.192
531,1,0.554,0.187
532,1,0.545,0.187
533,1,0.529,0.184
534,1,0.522,0.184
535,1,0.515,0.186
536,1,0.516,0.187
537,1,0.501,0.195
538,1,0.496,0.197
539,1,0.490,0.202
540,1,0.489,0.206
541,0,-1.000,-1.000
542,1,0.473,0.227
543,1,0.473,0.226
544,1,0.469,0.230
545,1,0.463,0.221
546,0,-1.000,-1.000
547,1,0.454,0.203
548,1,0.452,0.197
549,1,0.445,0.184
550,1,0.443,0.184
551,1,0.440,0.181
552,1,0.435,0.174
553,1,0.433,0.174
554,1,0.429,0.174
555,1,0.424,0.169
556,1,0.423,0.176
557,1,0.420,0.176
558,1,0.419,0.176
559,1,0.424,0.170
560,1,0.426,0.171
561,0,-1.000,-1.000
562,1,0.437,0.169
563,1,0.438,0.168
564,1,0.448,0.170
565,1,0.456,0.174
566,1,0.455,0.174
567,1,0.469,0.186
568,1,0.478,0.194
569,1,0.477,0.187
570,1,0.486,0.198
571,1,0.485,0.200
572,1,0.494,0.211
573,1,0.511,0.241
574,1,0.524,0.258
575,1,0.524,0.256
576,1,0.545,0.299
577,1,0.556,0.322
578,1,0.556,0.320
579,1,0.582,0.374
580,1,0.596,0.408
581,1,0.594,0.406
582,1,0.608,0.443
583,0,-1.000,-1.000
584,1,0.639,0.490
585,1,0.662,0.485
586,1,0.675,0.491
587,1,0.672,0.490
588,1,0.701,0.499
589,1,0.728,0.512
590,1,0.744,0.522
591,1,0.742,0.526
592,1,0.756,0.539
593,1,0.773,0.559
594,1,0.769,0.557
595,1,0.766,0.507
596,1,0.733,0.392
597,1,0.733,0.390
598,1,0.720,0.347
599,1,0.693,0.277
600,1,0.682,0.247
601,1,0.682,0.244
602,1,0.662,0.200
603,1,0.651,0.181
604,1,0.643,0.168
605,1,0.643,0.169
606,1,0.628,0.144
607,1,0.619,0.138
608,1,0.620,0.138
609,1,0.605,0.131
610,1,0.601,0.128
611,1,0.589,0.128
612,1,0.581,0.125
613,1,0.583,0.126
614,1,0.572,0.131
615,1,0.568,0.138
616,1,0.564,0.142
617,1,0.562,0.144
618,1,0.561,0.147
619,1,0.550,0.160
620,1,0.548,0.165
621,1,0.540,0.181
622,1,0.539,0.183
623,1,0.535,0.189
624,1,0.531,0.202
625,1,0.530,0.198
626,1,0.531,0.192
627,1,0.529,0.181
628,1,0.528,0.184
629,1,0.529,0.174
630,1,0.527,0.169
631,1,0.527,0.157
632,1,0.525,0.156
633,1,0.527,0.153
634,1,0.519,0.149
635,1,0.516,0.146
636,1,0.517,0.147
637,1,0.511,0.150
638,1,0.507,0.155
639,1,0.507,0.157
640,1,0.504,0.159
641,1,0.500,0.165
642,1,0.498,0.165
643,1,0.486,0.181
644,1,0.481,0.194
645,1,0.480,0.192
646,0,-1.000,-1.000
647,1,0.457,0.237
648,1,0.460,0.244
649,0,-1.000,-1.000
650,0,-1.000,-1.000
651,0,-1.000,-1.000
652,0,-1.000,-1.000
653,0,-1.000,-1.000
654,0,-1.000,-1.000
655,0,-1.000,-1.000
656,0,-1.000,-1.000
657,0,-1.000,-1.000
658,0,-1.000,-1.000
659,1,0.450,0.254
660,1,0.449,0.256
661,1,0.446,0.254
662,1,0.448,0.251
663,1,0.449,0.250
664,1,0.447,0.248
665,1,0.444,0.254
666,1,0.445,0.254
667,1,0.445,0.258
668,1,0.446,0.264
669,1,0.445,0.267
670,1,0.443,0.275
671,1,0.443,0.278
672,1,0.442,0.282
673,1,0.442,0.274
674,1,0.441,0.269
675,1,0.442,0.271
676,1,0.440,0.264
677,1,0.440,0.256
678,1,0.440,0.256
679,1,0.438,0.256
680,1,0.438,0.258
681,1,0.436,0.258
682,1,0.438,0.264
683,1,0.437,0.265
684,1,0.438,0.264
685,1,0.435,0.277
686,1,0.434,0.271
687,1,0.435,0.269
688,1,0.434,0.265
689,1,0.434,0.258
690,1,0.435,0.261
691,1,0.435,0.259
692,1,0.431,0.262
693,1,0.431,0.262
694,1,0.431,0.265
695,1,0.433,0.271
696,1,0.430,0.265
697,1,0.432,0.265
698,1,0.430,0.262
699,1,0.433,0.262
700,1,0.430,0.261
701,1,0.430,0.262
702,1,0.430,0.262
703,1,0.430,0.261
704,1,0.429,0.264
705,1,0.430,0.258
706,1,0.426,0.262
707,1,0.426,0.264
708,1,0.428,0.258
709,1,0.428,0.262
710,1,0.424,0.258
711,1,0.426,0.264
712,1,0.424,0.258
713,1,0.424,0.261
714,1,0.424,0.262
715,1,0.424,0.259
716,1,0.424,0.259
717,1,0.424,0.262
718,1,0.424,0.259
719,1,0.424,0.261
720,1,0.422,0.258
721,1,0.422,0.258
722,1,0.422,0.258
723,1,0.492,0.109
724,1,0.493,0.109
725,1,0.478,0.114
726,1,0.469,0.118
727,1,0.471,0.120
728,1,0.462,0.126
729,1,0.462,0.131
730,1,0.443,0.153
731,1,0.431,0.166
732,1,0.430,0.168
733,1,0.409,0.205
734,1,0.396,0.234
735,1,0.396,0.238
736,1,0.368,0.302
737,1,0.354,0.341
738,1,0.353,0.344
739,1,0.320,0.438
740,1,0.300,0.498
741,1,0.302,0.499
742,1,0.261,0.630
743,1,0.239,0.644
744,1,0.240,0.643
745,1,0.186,0.675
746,1,0.157,0.699
747,1,0.157,0.701
748,1,0.085,0.763
749,0,-1.000,-1.000
750,0,-1.000,-1.000
751,1,0.085,0.691
752,1,0.175,0.502
753,1,0.185,0.488
754,1,0.217,0.414
755,1,0.218,0.421
756,1,0.270,0.319
757,1,0.289,0.282
758,1,0.291,0.281
759,1,0.309,0.258
760,1,0.337,0.207
761,1,0.338,0.210
762,1,0.351,0.195
763,1,0.350,0.195
764,1,0.371,0.176
765,1,0.369,0.176
766,1,0.386,0.166
767,1,0.393,0.160
768,1,0.393,0.160
769,1,0.404,0.157
770,1,0.411,0.160
771,1,0.409,0.160
772,1,0.416,0.160
773,1,0.422,0.170
774,1,0.423,0.163
775,1,0.430,0.174
776,1,0.430,0.173
777,1,0.435,0.181
778,1,0.434,0.179
779,1,0.439,0.189
780,1,0.444,0.195
781,1,0.444,0.194
782,1,0.444,0.177
783,1,0.446,0.166
784,1,0.446,0.171
785,1,0.448,0.155
786,1,0.446,0.153
787,1,0.450,0.144
788,1,0.449,0.144
789,1,0.437,0.139
790,1,0.438,0.136
791,1,0.430,0.138
792,1,0.432,0.139
793,1,0.426,0.136
794,1,0.424,0.138
795,1,0.410,0.141
796,1,0.411,0.144
797,1,0.403,0.147
798,1,0.403,0.149
799,1,0.403,0.149
800,1,0.386,0.159
801,1,0.385,0.160
802,1,0.367,0.183
803,1,0.357,0.198
804,1,0.358,0.197
805,1,0.334,0.235
806,1,0.310,0.286
807,1,0.312,0.285
808,1,0.321,0.243
809,1,0.321,0.244
810,1,0.327,0.219
811,1,0.326,0.219
812,1,0.338,0.181
813,1,0.349,0.153
814,1,0.348,0.150
815,1,0.370,0.115
816,1,0.369,0.115
817,1,0.375,0.107
818,1,0.379,0.107
819,1,0.380,0.105
820,1,0.384,0.105
821,1,0.384,0.099
822,1,0.392,0.101
823,1,0.402,0.106
824,1,0.401,0.105
825,1,0.406,0.114
826,1,0.404,0.109
827,1,0.413,0.119
828,1,0.414,0.112
829,1,0.421,0.131
830,1,0.421,0.126
831,1,0.438,0.142
832,0,-1.000,-1.000
833,0,-1.000,-1.000
834,1,0.487,0.171
835,1,0.526,0.205
836,1,0.526,0.207
837,1,0.547,0.223
838,1,0.590,0.274
839,1,0.592,0.269
840,1,0.616,0.302
841,1,0.726,0.462
842,1,0.756,0.514
843,1,0.755,0.507
844,1,0.787,0.568
845,1,0.816,0.573
846,1,0.875,0.593
847,1,0.874,0.592
848,1,0.943,0.630
849,0,-1.000,-1.000
850,0,-1.000,-1.000
851,0,-1.000,-1.000
852,0,-1.000,-1.000
853,0,-1.000,-1.000
854,0,-1.000,-1.000
855,0,-1.000,-1.000
856,0,-1.000,-1.000
857,0,-1.000,-1.000
858,1,0.424,0.156
859,1,0.423,0.157
860,1,0.419,0.155
861,1,0.415,0.157
862,1,0.411,0.159
863,1,0.412,0.156
864,1,0.409,0.165
865,1,0.408,0.171
866,1,0.408,0.170
867,1,0.405,0.177
868,1,0.403,0.176
869,1,0.403,0.177
870,1,0.401,0.153
871,1,0.399,0.144
872,1,0.399,0.144
873,1,0.398,0.138
874,1,0.397,0.120
875,1,0.397,0.123
876,1,0.397,0.118
877,1,0.397,0.110
878,1,0.395,0.109
879,1,0.395,0.101
880,1,0.397,0.094
881,1,0.395,0.095
882,1,0.392,0.091
883,1,0.393,0.085
884,1,0.394,0.086
885,1,0.395,0.085
886,1,0.393,0.086
887,1,0.393,0.085
888,1,0.392,0.091
889,1,0.390,0.096
890,1,0.391,0.098
891,1,0.391,0.104
892,1,0.389,0.123
893,1,0.390,0.147
894,1,0.388,0.147
895,1,0.386,0.163
896,1,0.386,0.181
897,1,0.386,0.181
898,1,0.385,0.227
899,1,0.385,0.256
900,1,0.385,0.256
901,1,0.384,0.320
902,1,0.383,0.359
903,1,0.384,0.359
904,1,0.383,0.444
905,1,0.381,0.496
906,1,0.382,0.501
907,1,0.381,0.556
908,1,0.381,0.686
909,1,0.381,0.688
910,1,0.380,0.719
911,1,0.379,0.728
912,1,0.380,0.728
913,1,0.376,0.744
914,1,0.374,0.763
915,1,0.374,0.760
916,1,0.372,0.805
917,1,0.371,0.867
918,1,0.370,0.867
919,1,0.398,0.744
920,1,0.430,0.597
921,1,0.431,0.595
922,1,0.475,0.413
923,1,0.491,0.356
924,1,0.492,0.353
925,1,0.515,0.274
926,1,0.520,0.247
927,1,0.522,0.254
928,1,0.534,0.207
929,1,0.546,0.190
930,1,0.549,0.181
931,1,0.550,0.181
932,1,0.554,0.177
933,1,0.559,0.174
934,1,0.561,0.177
935,1,0.562,0.174
936,1,0.557,0.169
937,1,0.558,0.173
938,1,0.553,0.170
939,0,-1.000,-1.000
940,0,-1.000,-1.000
941,0,-1.000,-1.000
942,1,0.524,0.177
943,1,0.524,0.181
944,1,0.516,0.184
945,1,0.505,0.198
946,1,0.496,0.207
947,1,0.494,0.210
948,1,0.484,0.224
949,1,0.470,0.250
950,1,0.467,0.250
951,1,0.459,0.269
952,1,0.439,0.312
953,1,0.439,0.309
954,1,0.428,0.331
955,1,0.406,0.389
956,1,0.405,0.390
957,1,0.395,0.423
958,1,0.370,0.491
959,1,0.356,0.518
960,1,0.355,0.518
961,1,0.337,0.510
962,1,0.325,0.506
963,1,0.326,0.506
964,1,0.305,0.507
965,0,-1.000,-1.000
966,0,-1.000,-1.000
967,0,-1.000,-1.000
968,1,0.254,0.533
969,1,0.245,0.549
970,1,0.256,0.509
971,0,-1.000,-1.000
972,0,-1.000,-1.000
973,1,0.332,0.376
974,1,0.350,0.344
975,1,0.389,0.294
976,1,0.388,0.296
977,1,0.405,0.267
978,1,0.421,0.250
979,1,0.420,0.247
980,1,0.448,0.223
981,1,0.461,0.208
982,1,0.474,0.195
983,1,0.474,0.198
984,1,0.496,0.186
985,1,0.496,0.183
986,1,0.507,0.181
987,1,0.516,0.177
988,1,0.518,0.176
989,0,-1.000,-1.000
990,0,-1.000,-1.000
991,0,-1.000,-1.000
992,0,-1.000,-1.000
993,0,-1.000,-1.000
994,0,-1.000,-1.000
995,1,0.571,0.190
996,1,0.578,0.193
997,1,0.578,0.195
998,1,0.588,0.207
999,1,0.599,0.224
1000,1,0.599,0.221
1001,1,0.604,0.231
1002,1,0.612,0.248
1003,1,0.611,0.251
1004,1,0.617,0.262
1005,1,0.620,0.243
1006,0,-1.000,-1.000
1007,0,-1.000,-1.000
1008,0,-1.000,-1.000
1009,1,0.634,0.208
1010,1,0.632,0.207
1011,1,0.639,0.198
1012,1,0.641,0.197
1013,1,0.641,0.195
1014,1,0.652,0.190
1015,1,0.660,0.184
1016,1,0.659,0.186
1017,1,0.666,0.183
1018,1,0.681,0.186
1019,1,0.681,0.187
1020,1,0.689,0.192
1021,1,0.705,0.207
1022,1,0.704,0.206
1023,1,0.722,0.229
1024,1,0.733,0.243
1025,1,0.732,0.244
1026,1,0.753,0.280
1027,1,0.765,0.302
1028,1,0.761,0.299
1029,1,0.774,0.328
1030,1,0.786,0.360
1031,1,0.784,0.357
1032,1,0.812,0.426
1033,1,0.823,0.469
1034,1,0.848,0.566
1035,1,0.848,0.568
1036,1,0.877,0.653
1037,1,0.898,0.661
1038,1,0.936,0.680
1039,1,0.939,0.677
1040,1,0.964,0.694
1041,1,0.992,0.715
1042,0,-1.000,-1.000
1043,0,-1.000,-1.000
1044,0,-1.000,-1.000
1045,0,-1.000,-1.000
1046,0,-1.000,-1.000
1047,0,-1.000,-1.000
1048,0,-1.000,-1.000
1049,0,-1.000,-1.000
1050,0,-1.000,-1.000
1051,0,-1.000,-1.000
1052,0,-1.000,-1.000
1053,0,-1.000,-1.000
1054,0,-1.000,-1.000
1055,0,-1.000,-1.000
1056,0,-1.000,-1.000
1057,0,-1.000,-1.000
1058,0,-1.000,-1.000
1059,0,-1.000,-1.000
1060,0,-1.000,-1.000
1061,0,-1.000,-1.000
1062,0,-1.000,-1.000
1063,0,-1.000,-1.000
1064,1,0.593,0.608
1065,1,0.567,0.517
1066,1,0.567,0.519
1067,1,0.531,0.384
1068,1,0.516,0.336
1069,1,0.516,0.335
1070,1,0.504,0.296
1071,1,0.492,0.264
1072,1,0.495,0.264
1073,1,0.477,0.223
1074,1,0.469,0.200
1075,1,0.460,0.181
1076,1,0.458,0.174
1077,1,0.454,0.170
1078,1,0.445,0.162
1079,1,0.446,0.162
1080,1,0.443,0.159
1081,1,0.438,0.157
1082,1,0.438,0.159
1083,1,0.435,0.157
1084,1,0.431,0.165
1085,1,0.433,0.165
1086,1,0.429,0.170
1087,1,0.428,0.176
1088,1,0.424,0.187
1089,1,0.424,0.187
1090,1,0.424,0.193
1091,1,0.422,0.200
1092,1,0.422,0.195
1093,1,0.420,0.186
1094,1,0.421,0.176
1095,1,0.417,0.159
1096,1,0.417,0.160
1097,1,0.416,0.156
1098,1,0.417,0.147
1099,1,0.415,0.147
1100,1,0.415,0.146
1101,1,0.412,0.144
1102,1,0.411,0.144
1103,1,0.406,0.136
1104,1,0.403,0.138
1105,1,0.391,0.135
1106,1,0.392,0.136
1107,1,0.385,0.135
1108,1,0.370,0.142
1109,1,0.365,0.144
1110,1,0.365,0.147
1111,1,0.359,0.150
1112,1,0.341,0.168
1113,1,0.332,0.181
1114,1,0.332,0.181
1115,1,0.321,0.198
1116,1,0.302,0.237
1117,1,0.299,0.238
1118,1,0.290,0.261
1119,1,0.301,0.259
1120,1,0.341,0.223
1121,1,0.343,0.223
1122,1,0.363,0.210
1123,1,0.364,0.208
1124,1,0.397,0.194
1125,1,0.414,0.190
1126,1,0.413,0.190
1127,1,0.430,0.186
1128,1,0.455,0.179
1129,1,0.455,0.177
1130,1,0.469,0.181
1131,1,0.481,0.179
1132,1,0.481,0.179
1133,1,0.501,0.183
1134,1,0.514,0.189
1135,1,0.512,0.189
1136,1,0.531,0.195
1137,1,0.541,0.200
1138,1,0.542,0.202
1139,0,-1.000,-1.000
1140,1,0.574,0.231
1141,1,0.580,0.230
1142,1,0.582,0.229
1143,0,-1.000,-1.000
1144,1,0.597,0.202
1145,1,0.603,0.194
1146,1,0.602,0.197
1147,1,0.611,0.187
1148,1,0.612,0.184
1149,1,0.618,0.183
1150,1,0.625,0.179
1151,1,0.628,0.181
1152,1,0.640,0.181
1153,1,0.660,0.190
1154,1,0.660,0.192
1155,1,0.672,0.202
1156,0,-1.000,-1.000
1157,0,-1.000,-1.000
1158,1,0.707,0.227
1159,1,0.718,0.235
1160,1,0.719,0.235
1161,1,0.740,0.265
1162,1,0.754,0.278
1163,1,0.753,0.285
1164,1,0.780,0.298
1165,1,0.801,0.298
1166,1,0.801,0.296
1167,1,0.814,0.295
1168,1,0.826,0.298
1169,1,0.824,0.295
1170,1,0.848,0.310
1171,1,0.863,0.314
1172,1,0.888,0.331
1173,1,0.888,0.331
1174,0,-1.000,-1.000
1175,1,0.895,0.356
1176,1,0.895,0.357
1177,1,0.893,0.376
1178,1,0.890,0.377
1179,1,0.890,0.384
1180,1,0.894,0.387
1181,1,0.906,0.389
1182,1,0.904,0.387
1183,1,0.911,0.397
1184,1,0.920,0.403
1185,1,0.927,0.419
1186,1,0.397,0.505
1187,1,0.397,0.506
1188,1,0.399,0.515
1189,1,0.399,0.512
1190,1,0.406,0.531
1191,1,0.408,0.544
1192,1,0.408,0.546
1193,1,0.415,0.576
1194,1,0.418,0.595
1195,1,0.418,0.598
1196,1,0.455,0.495
1197,1,0.478,0.406
1198,1,0.479,0.402
1199,1,0.512,0.288
1200,1,0.536,0.226
1201,1,0.537,0.223
1202,1,0.554,0.187
1203,1,0.561,0.171
1204,1,0.572,0.162
1205,1,0.572,0.160
1206,1,0.578,0.157
1207,1,0.585,0.159
1208,1,0.586,0.157
1209,1,0.588,0.157
1210,1,0.595,0.168
1211,1,0.599,0.173
1212,1,0.597,0.173
1213,1,0.603,0.183
1214,1,0.605,0.181
1215,1,0.610,0.159
1216,1,0.612,0.149
1217,1,0.612,0.150
1218,1,0.617,0.131
1219,1,0.616,0.128
1220,1,0.620,0.115
1221,1,0.623,0.117
1222,1,0.621,0.107
1223,1,0.610,0.099
1224,1,0.609,0.094
1225,1,0.598,0.094
1226,1,0.592,0.098
1227,1,0.591,0.096
1228,1,0.588,0.105
1229,1,0.584,0.078
1230,1,0.585,0.077
1231,1,0.581,0.071
1232,1,0.570,0.069
1233,1,0.572,0.069
1234,1,0.558,0.071
1235,1,0.553,0.072
1236,1,0.537,0.075
1237,1,0.538,0.074
1238,1,0.528,0.080
1239,1,0.520,0.091
1240,1,0.522,0.094
1241,1,0.512,0.093
1242,1,0.493,0.115
1243,1,0.493,0.117
1244,1,0.473,0.144
1245,1,0.462,0.162
1246,1,0.464,0.159
1247,1,0.439,0.202
1248,1,0.415,0.251
1249,1,0.415,0.256
1250,1,0.388,0.318
1251,1,0.372,0.355
1252,1,0.372,0.355
1253,1,0.343,0.438
1254,1,0.327,0.483
1255,1,0.327,0.485
1256,1,0.293,0.595
1257,1,0.277,0.638
1258,1,0.277,0.640
1259,1,0.246,0.635
1260,1,0.231,0.638
1261,1,0.231,0.635
1262,1,0.211,0.643
1263,0,-1.000,-1.000
1264,0,-1.000,-1.000
1265,0,-1.000,-1.000
1266,0,-1.000,-1.000
1267,1,0.198,0.499
1268,0,-1.000,-1.000
1269,1,0.226,0.437
1270,1,0.269,0.336
1271,1,0.269,0.339
1272,1,0.285,0.304
1273,1,0.300,0.277
1274,1,0.300,0.275
1275,1,0.321,0.235
1276,1,0.330,0.221
1277,1,0.330,0.219
1278,1,0.347,0.202
1279,1,0.353,0.194
1280,1,0.354,0.194
1281,1,0.363,0.190
1282,1,0.372,0.190
1283,1,0.373,0.187
1284,1,0.378,0.194
1285,1,0.381,0.192
1286,1,0.383,0.193
1287,1,0.385,0.195
1288,1,0.391,0.206
1289,1,0.390,0.205
1290,1,0.392,0.190
1291,1,0.393,0.181
1292,1,0.395,0.181
1293,1,0.396,0.159
1294,1,0.397,0.160
1295,1,0.397,0.156
1296,1,0.398,0.150
1297,1,0.399,0.150
1298,1,0.399,0.150
1299,1,0.399,0.144
1300,1,0.402,0.146
1301,1,0.402,0.150
1302,1,0.403,0.144
1303,1,0.406,0.149
1304,1,0.404,0.150
1305,1,0.406,0.150
1306,1,0.404,0.144
1307,1,0.405,0.149
1308,0,-1.000,-1.000
1309,0,-1.000,-1.000
1310,0,-1.000,-1.000
1311,0,-1.000,-1.000
1312,0,-1.000,-1.000
1313,0,-1.000,-1.000
1314,0,-1.000,-1.000
1315,0,-1.000,-1.000
1316,0,-1.000,-1.000
1317,0,-1.000,-1.000
1318,0,-1.000,-1.000
1319,0,-1.000,-1.000
1320,0,-1.000,-1.000
1321,0,-1.000,-1.000
1322,0,-1.000,-1.000
1323,0,-1.000,-1.000
1324,0,-1.000,-1.000
1325,0,-1.000,-1.000
1326,0,-1.000,-1.000
1327,0,-1.000,-1.000
1328,0,-1.000,-1.000
1329,0,-1.000,-1.000
1330,0,-1.000,-1.000
1331,0,-1.000,-1.000
1332,0,-1.000,-1.000
1333,0,-1.000,-1.000
1334,0,-1.000,-1.000
1335,0,-1.000,-1.000
1336,1,0.472,0.150
1337,1,0.474,0.156
1338,1,0.473,0.139
1339,1,0.473,0.136
1340,1,0.473,0.135
1341,1,0.473,0.136
1342,1,0.473,0.133
1343,1,0.471,0.126
1344,1,0.468,0.128
1345,1,0.471,0.125
1346,1,0.470,0.123
1347,1,0.469,0.123
1348,1,0.466,0.125
1349,1,0.467,0.128
1350,1,0.466,0.122
1351,1,0.463,0.126
1352,1,0.464,0.126
1353,1,0.458,0.133
1354,1,0.455,0.141
1355,1,0.455,0.144
1356,1,0.449,0.163
1357,1,0.450,0.163
1358,1,0.447,0.171
1359,1,0.444,0.183
1360,1,0.444,0.190
1361,1,0.437,0.219
1362,1,0.433,0.237
1363,1,0.435,0.240
1364,1,0.427,0.281
1365,1,0.423,0.310
1366,1,0.422,0.310
1367,1,0.418,0.344
1368,1,0.410,0.414
1369,1,0.411,0.411
1370,1,0.398,0.495
1371,1,0.395,0.523
1372,1,0.397,0.519
1373,1,0.390,0.525
1374,1,0.379,0.526
1375,1,0.380,0.528
1376,1,0.372,0.538
1377,1,0.368,0.547
1378,1,0.368,0.547
1379,1,0.355,0.579
1380,1,0.349,0.598
1381,1,0.334,0.645
1382,1,0.332,0.650
1383,0,-1.000,-1.000
1384,1,0.358,0.569
1385,1,0.359,0.574
1386,1,0.402,0.429
1387,1,0.401,0.431
1388,1,0.421,0.377
1389,1,0.449,0.290
1390,1,0.449,0.291
1391,1,0.462,0.258
1392,1,0.485,0.216
1393,1,0.495,0.192
1394,1,0.494,0.190
1395,1,0.515,0.176
1396,0,-1.000,-1.000
1397,0,-1.000,-1.000
1398,0,-1.000,-1.000
1399,0,-1.000,-1.000
1400,1,0.536,0.144
1401,1,0.545,0.139
1402,1,0.546,0.139
1403,1,0.551,0.144
1404,1,0.559,0.147
1405,1,0.558,0.147
1406,1,0.566,0.157
1407,1,0.570,0.163
1408,1,0.573,0.168
1409,1,0.572,0.170
1410,1,0.582,0.181
1411,1,0.589,0.189
1412,1,0.588,0.193
1413,1,0.602,0.216
1414,1,0.608,0.230
1415,1,0.621,0.269
1416,1,0.622,0.272
1417,1,0.630,0.293
1418,1,0.646,0.350
1419,1,0.647,0.349
1420,1,0.656,0.386
1421,1,0.678,0.459
1422,1,0.677,0.459
1423,1,0.686,0.506
1424,1,0.710,0.544
1425,1,0.710,0.544
1426,1,0.722,0.549
1427,1,0.744,0.569
1428,1,0.748,0.570
1429,1,0.760,0.581
1430,1,0.774,0.603
1431,1,0.774,0.600
1432,1,0.808,0.648
1433,1,0.827,0.682
1434,1,0.823,0.681
1435,1,0.843,0.712
1436,1,0.879,0.802
1437,1,0.880,0.798
1438,1,0.859,0.749
1439,1,0.786,0.589
1440,1,0.727,0.471
1441,1,0.728,0.471
1442,1,0.704,0.421
1443,1,0.680,0.381
1444,1,0.641,0.315
1445,1,0.641,0.312
1446,1,0.627,0.290
1447,1,0.594,0.245
1448,1,0.581,0.234
1449,1,0.581,0.231
1450,1,0.558,0.207
1451,1,0.547,0.194
1452,1,0.529,0.184
1453,1,0.529,0.187
1454,1,0.520,0.181
1455,0,-1.000,-1.000
1456,0,-1.000,-1.000
1457,1,0.494,0.186
1458,1,0.484,0.183
1459,1,0.484,0.184
1460,1,0.477,0.183
1461,1,0.472,0.190
1462,1,0.462,0.198
1463,1,0.463,0.200
1464,1,0.457,0.207
1465,0,-1.000,-1.000
1466,0,-1.000,-1.000
1467,0,-1.000,-1.000
1468,0,-1.000,-1.000
1469,0,-1.000,-1.000
1470,1,0.432,0.210
1471,1,0.419,0.207
1472,1,0.412,0.207
1473,1,0.413,0.207
1474,1,0.399,0.203
1475,1,0.395,0.202
1476,1,0.395,0.202
1477,1,0.382,0.210
1478,1,0.375,0.216
1479,1,0.376,0.214
1480,1,0.368,0.223
1481,1,0.357,0.244
1482,1,0.354,0.240
1483,1,0.348,0.254
1484,1,0.341,0.267
1485,1,0.328,0.306
1486,1,0.328,0.305
1487,1,0.319,0.329
1488,1,0.307,0.373
1489,1,0.307,0.376
1490,1,0.292,0.432
1491,0,-1.000,-1.000
1492,0,-1.000,-1.000
1493,0,-1.000,-1.000
1494,0,-1.000,-1.000
1495,0,-1.000,-1.000
1496,0,-1.000,-1.000
1497,0,-1.000,-1.000
1498,0,-1.000,-1.000
1499,0,-1.000,-1.000
1500,0,-1.000,-1.000
1501,1,0.195,0.562
1502,1,0.182,0.581
1503,1,0.159,0.630
1504,1,0.159,0.630
1505,1,0.156,0.643
1506,1,0.171,0.569
1507,1,0.170,0.568
1508,1,0.184,0.512
1509,0,-1.000,-1.000
1510,0,-1.000,-1.000
1511,1,0.207,0.411
1512,1,0.229,0.333
1513,1,0.229,0.329
1514,1,0.239,0.304
1515,1,0.257,0.243
1516,1,0.265,0.219
1517,1,0.267,0.219
1518,1,0.283,0.186
1519,1,0.289,0.171
1520,1,0.303,0.152
1521,1,0.304,0.155
1522,1,0.316,0.139
1523,1,0.323,0.135
1524,1,0.322,0.136
1525,1,0.332,0.131
1526,1,0.338,0.131
1527,1,0.337,0.131
1528,1,0.342,0.133
1529,1,0.354,0.141
1530,1,0.353,0.139
1531,1,0.357,0.144
1532,1,0.364,0.153
1533,1,0.370,0.160
1534,1,0.370,0.163
1535,1,0.376,0.177
1536,1,0.379,0.189
1537,1,0.379,0.187
1538,1,0.394,0.192
1539,0,-1.000,-1.000
1540,1,0.417,0.187
1541,1,0.416,0.187
1542,1,0.440,0.184
1543,1,0.452,0.187
1544,1,0.452,0.184
1545,1,0.477,0.193
1546,1,0.491,0.198
1547,1,0.491,0.200
1548,0,-1.000,-1.000
1549,0,-1.000,-1.000
1550,0,-1.000,-1.000
1551,1,0.545,0.240
1552,1,0.573,0.269
1553,1,0.586,0.288
1554,1,0.589,0.293
1555,1,0.603,0.307
1556,1,0.630,0.352
1557,0,-1.000,-1.000
1558,0,-1.000,-1.000
1559,0,-1.000,-1.000
1560,0,-1.000,-1.000
1561,1,0.681,0.307
1562,1,0.676,0.278
1563,1,0.674,0.275
1564,1,0.671,0.253
1565,1,0.665,0.203
1566,1,0.655,0.168
1567,1,0.655,0.166
1568,1,0.653,0.149
1569,1,0.646,0.125
1570,1,0.643,0.115
1571,1,0.643,0.114
1572,1,0.641,0.104
1573,1,0.639,0.098
1574,1,0.637,0.098
1575,1,0.635,0.091
1576,1,0.628,0.086
1577,1,0.629,0.082
1578,1,0.626,0.083
1579,1,0.624,0.082
1580,1,0.610,0.088
1581,1,0.609,0.088
1582,0,-1.000,-1.000
1583,1,0.590,0.106
1584,1,0.591,0.105
1585,1,0.569,0.120
1586,1,0.558,0.136
1587,1,0.557,0.139
1588,1,0.545,0.152
1589,1,0.520,0.189
1590,1,0.522,0.183
1591,1,0.507,0.202
1592,1,0.480,0.250
1593,1,0.464,0.271
1594,1,0.464,0.269
1595,1,0.436,0.329
1596,1,0.419,0.365
1597,1,0.420,0.360
1598,1,0.390,0.405
1599,1,0.392,0.405
1600,1,0.379,0.402
1601,1,0.369,0.395
1602,1,0.368,0.400
1603,1,0.345,0.394
1604,1,0.332,0.395
1605,1,0.333,0.389
1606,1,0.306,0.400
1607,1,0.291,0.406
1608,1,0.293,0.407
1609,1,0.265,0.426
1610,1,0.251,0.438
1611,1,0.249,0.438
1612,1,0.236,0.454
1613,1,0.207,0.490
1614,1,0.206,0.491
1615,1,0.192,0.512
1616,1,0.166,0.562
1617,1,0.165,0.565
1618,1,0.135,0.621
1619,1,0.116,0.635
1620,1,0.070,0.640
1621,1,0.070,0.643
1622,1,0.044,0.653
1623,1,0.018,0.664
1624,1,0.020,0.661
1625,0,-1.000,-1.000
1626,0,-1.000,-1.000
1627,0,-1.000,-1.000
1628,0,-1.000,-1.000
1629,0,-1.000,-1.000
1630,0,-1.000,-1.000
1631,0,-1.000,-1.000
