Frame,Visibility,X,Y
0,1,868,531
1,1,950,369
2,1,975,320
3,1,1020,252
4,1,1035,226
5,1,1035,228
6,1,1046,214
7,1,1060,202
8,1,1079,189
9,1,1079,189
10,1,1089,186
11,1,1094,183
12,1,1094,184
13,1,1108,188
14,1,1112,189
15,1,1112,189
16,1,1119,200
17,1,1125,204
18,1,1125,204
19,1,1129,208
20,1,1133,198
21,1,1133,195
22,1,1135,184
23,1,1139,162
24,1,1142,162
25,1,1142,154
26,1,1148,140
27,1,1146,141
28,1,1148,135
29,1,1154,129
30,1,1154,132
31,1,1150,129
32,0,0,0
33,0,0,0
34,1,1135,112
35,1,1116,105
36,1,1119,105
37,1,1108,100
38,1,1089,100
39,1,1083,100
40,1,1083,102
41,1,1060,110
42,1,1048,111
43,1,1048,111
44,1,1021,126
45,1,1006,136
46,1,1006,138
47,1,973,165
48,1,956,183
49,1,956,183
50,1,916,225
51,1,897,249
52,1,897,252
53,1,849,315
54,1,822,352
55,1,822,352
56,1,822,352
57,1,764,436
58,1,764,436
59,1,733,488
60,1,662,602
61,1,662,605
62,1,632,665
63,1,564,723
64,1,561,723
65,1,526,726
66,1,453,741
67,1,455,743
68,1,413,754
69,1,372,771
70,1,374,771
71,1,282,816
72,1,323,751
73,1,319,751
74,1,430,639
75,1,599,475
76,1,599,475
77,1,664,420
78,1,774,329
79,1,774,329
80,1,822,297
81,1,862,267
82,1,860,270
83,1,929,231
84,1,981,208
85,1,981,207
86,1,1006,198
87,1,1046,190
88,1,1043,191
89,1,1062,188
90,1,1094,190
91,1,1092,190
92,1,1108,193
93,1,1119,199
94,1,1119,199
95,1,1140,210
96,1,1162,221
97,1,1160,224
98,0,0,0
99,1,1185,251
100,1,1183,249
101,1,1192,247
102,1,1206,222
103,1,1212,211
104,1,1212,211
105,1,1213,202
106,1,1223,187
107,1,1223,188
108,1,1233,178
109,1,1238,176
110,1,1246,172
111,1,1252,173
112,1,1250,173
113,1,1254,175
114,1,1261,179
115,1,1263,183
116,1,1269,191
117,1,1269,193
118,1,1269,201
119,1,1279,185
120,1,1173,519
121,1,1173,519
122,1,1173,519
123,1,1173,524
124,1,1177,538
125,1,1171,536
126,1,1173,552
127,1,1173,549
128,1,1169,582
129,1,1167,620
130,1,1167,620
131,0,0,0
132,1,996,351
133,1,962,298
134,1,962,296
135,1,927,258
136,1,889,206
137,1,885,204
138,1,856,174
139,1,849,166
140,1,826,156
141,1,828,156
142,1,818,153
143,1,810,156
144,1,808,159
145,1,804,159
146,1,806,159
147,1,801,164
148,1,795,171
149,1,797,172
150,1,789,184
151,1,789,189
152,1,789,189
153,1,783,176
154,1,783,156
155,1,780,154
156,1,783,147
157,1,778,136
158,1,778,132
159,1,776,130
160,1,776,129
161,1,778,126
162,1,774,123
163,1,772,123
164,1,772,123
165,1,770,124
166,1,764,130
167,1,764,130
168,1,762,134
169,1,758,147
170,1,758,141
171,1,756,154
172,1,756,154
173,1,753,165
174,1,753,164
175,1,749,188
176,1,745,218
177,1,745,220
178,1,741,240
179,1,733,286
180,1,733,286
181,1,730,315
182,1,724,378
183,1,720,378
184,1,716,414
185,1,708,501
186,1,710,500
187,1,707,550
188,1,691,573
189,1,678,586
190,1,678,588
191,1,662,608
192,1,662,612
193,1,657,627
194,1,634,670
195,1,634,670
196,1,630,698
197,1,630,658
198,1,636,651
199,1,649,549
200,1,680,410
201,1,680,408
202,1,689,357
203,1,707,291
204,1,705,288
205,1,710,267
206,1,716,243
207,1,716,246
208,1,722,218
209,1,730,201
210,1,730,202
211,1,730,201
212,1,737,200
213,1,737,195
214,1,741,201
215,1,741,202
216,1,741,201
217,1,747,207
218,1,747,210
219,1,751,213
220,1,745,198
221,1,741,176
222,1,741,178
223,1,747,168
224,1,745,159
225,1,747,156
226,1,745,154
227,1,741,148
228,1,741,150
229,1,747,148
230,1,741,147
231,1,739,150
232,1,741,147
233,1,739,154
234,1,739,158
235,1,741,158
236,1,735,140
237,1,737,129
238,1,735,134
239,1,737,123
240,1,732,117
241,1,735,112
242,1,733,110
243,1,730,105
244,0,0,0
245,1,1104,519
246,1,1035,422
247,1,956,296
248,1,929,256
249,1,929,256
250,1,891,201
251,1,893,202
252,1,877,184
253,1,862,170
254,1,843,154
255,1,843,156
256,1,828,154
257,1,829,152
258,1,822,153
259,1,814,152
260,1,812,158
261,1,808,158
262,1,803,171
263,1,801,174
264,1,801,174
265,1,797,180
266,1,795,176
267,1,791,152
268,1,791,153
269,1,785,148
270,1,791,147
271,1,789,134
272,1,791,129
273,1,789,129
274,0,0,0
275,0,0,0
276,0,0,0
277,1,787,117
278,1,785,116
279,1,783,114
280,1,780,117
281,1,781,120
282,1,778,118
283,1,780,122
284,1,781,135
285,1,778,136
286,1,778,144
287,1,778,154
288,1,778,152
289,1,778,176
290,1,772,208
291,1,774,207
292,1,772,230
293,1,768,276
294,1,772,273
295,1,768,303
296,1,764,369
297,1,766,372
298,1,764,406
299,1,764,453
300,1,764,453
301,1,762,550
302,1,760,657
303,1,756,663
304,1,756,664
305,1,747,688
306,1,741,705
307,1,739,705
308,1,732,752
309,1,728,780
310,1,820,618
311,1,820,618
312,1,876,516
313,1,922,442
314,1,922,440
315,1,989,338
316,1,1029,276
317,1,1029,273
318,1,1048,252
319,1,1077,220
320,1,1075,220
321,1,1087,210
322,1,1098,204
323,1,1096,206
324,1,1114,195
325,1,1119,194
326,1,1119,195
327,1,1129,194
328,1,1137,195
329,1,1140,201
330,1,1139,201
331,1,1148,210
332,1,1150,200
333,1,1150,198
334,1,1156,180
335,1,1162,170
336,1,1162,168
337,1,1167,158
338,1,1167,153
339,1,1167,153
340,1,1173,147
341,1,1179,148
342,1,1181,148
343,1,1181,146
344,1,1185,150
345,1,1183,153
346,1,1183,154
347,1,1187,156
348,1,1190,150
349,1,1188,152
350,1,730,558
351,1,732,552
352,1,730,554
353,1,739,549
354,1,751,548
355,1,751,548
356,1,755,554
357,1,770,570
358,1,768,572
359,1,772,585
360,1,780,598
361,1,783,598
362,1,795,636
363,1,833,621
364,1,831,618
365,1,885,500
366,1,970,345
367,1,972,342
368,1,1002,298
369,1,1048,226
370,1,1066,206
371,1,1066,206
372,1,1079,190
373,1,1104,170
374,1,1106,171
375,1,1123,162
376,1,1121,160
377,1,1131,158
378,1,1142,162
379,1,1142,162
380,1,1154,171
381,1,1158,174
382,1,1158,176
383,1,1160,176
384,1,1165,186
385,1,1165,184
386,1,1173,198
387,1,1179,168
388,1,1179,170
389,1,1179,156
390,1,1185,141
391,1,1183,140
392,1,1187,135
393,1,1190,126
394,1,1190,124
395,1,1185,117
396,1,1179,122
397,1,1185,122
398,1,1185,124
399,1,1185,123
400,1,1185,122
401,1,1185,129
402,1,1104,98
403,1,1100,96
404,1,1092,94
405,1,1066,104
406,1,1064,104
407,1,1056,112
408,1,1027,126
409,1,1025,126
410,1,1012,136
411,1,975,166
412,1,975,166
413,1,956,180
414,1,922,219
415,1,922,219
416,1,902,242
417,1,860,292
418,1,862,294
419,1,841,326
420,1,789,396
421,1,795,399
422,1,770,438
423,1,716,530
424,1,720,531
425,1,693,538
426,1,657,536
427,1,636,536
428,1,634,534
429,1,588,543
430,1,566,549
431,1,566,548
432,1,515,572
433,1,490,588
434,0,0,0
435,0,0,0
436,0,0,0
437,1,622,444
438,1,618,438
439,1,682,381
440,1,682,384
441,1,780,294
442,1,822,261
443,1,858,237
444,1,856,237
445,1,889,216
446,1,885,214
447,1,939,183
448,0,0,0
449,0,0,0
450,0,0,0
451,0,0,0
452,0,0,0
453,0,0,0
454,1,1043,154
455,1,1041,156
456,0,0,0
457,0,0,0
458,0,0,0
459,0,0,0
460,1,950,228
461,1,950,230
462,1,912,273
463,1,893,297
464,1,893,296
465,1,849,354
466,1,828,388
467,1,828,388
468,1,780,468
469,1,756,486
470,1,758,486
471,1,716,489
472,1,695,498
473,1,693,496
474,1,651,514
475,1,626,531
476,1,576,566
477,1,578,568
478,0,0,0
479,0,0,0
480,0,0,0
481,0,0,0
482,1,465,681
483,1,551,573
484,1,549,572
485,1,593,518
486,1,676,420
487,1,678,418
488,1,714,376
489,1,781,312
490,1,814,280
491,1,812,279
492,1,860,238
493,1,862,232
494,1,885,212
495,1,931,184
496,1,970,166
497,1,972,166
498,1,991,154
499,1,987,153
500,1,1018,141
501,1,1031,144
502,1,1058,141
503,1,1060,141
504,1,1068,141
505,1,1092,150
506,1,1092,148
507,1,1098,150
508,1,1117,162
509,1,1117,164
510,1,1131,168
511,1,1125,170
512,1,1142,183
513,1,1146,189
514,1,1162,198
515,1,1164,202
516,1,1173,202
517,1,1173,201
518,1,1192,213
519,1,1204,222
520,1,1231,249
521,1,1229,249
522,1,1240,268
523,1,1267,310
524,1,1263,309
525,1,1281,334
526,1,1309,399
527,1,1311,400
528,1,1327,440
529,1,1356,526
530,1,1373,579
531,1,1375,576
532,1,1407,621
533,1,1407,622
534,1,1428,636
535,1,1476,669
536,1,1475,664
537,1,1501,692
538,1,1557,758
539,1,1586,798
540,1,1620,846
541,1,1617,842
542,1,1690,963
543,1,1605,837
544,1,1480,634
545,1,1430,561
546,1,1428,561
547,1,1336,435
548,1,1332,436
549,1,1292,387
550,1,1219,303
551,1,1190,276
552,1,1085,189
553,1,1087,188
554,1,1064,177
555,1,1041,164
556,1,1043,166
557,1,1023,156
558,1,1006,154
559,1,1006,152
560,0,0,0
561,0,0,0
562,0,0,0
563,0,0,0
564,0,0,0
565,1,916,152
566,1,920,148
567,1,904,153
568,1,893,160
569,1,876,170
570,1,870,172
571,1,866,178
572,1,864,176
573,1,854,188
574,1,837,201
575,1,831,208
576,1,829,213
577,1,826,224
578,1,822,219
579,1,808,244
580,1,801,258
581,1,803,258
582,1,789,249
583,0,0,0
584,0,0,0
585,1,772,218
586,1,758,204
587,1,755,200
588,1,749,190
589,1,749,195
590,1,751,188
591,1,747,189
592,1,760,183
593,0,0,0
594,1,831,189
595,1,835,190
596,1,856,194
597,1,854,194
598,1,902,212
599,1,925,225
600,1,927,225
601,1,954,242
602,1,1020,284
603,1,1018,282
604,1,1052,312
605,1,1091,342
606,1,1089,340
607,1,1165,416
608,1,1210,459
609,1,1212,464
610,1,1302,564
611,0,0,0
612,0,0,0
613,0,0,0
614,0,0,0
615,0,0,0
616,1,1622,768
617,1,1774,831
618,1,1761,825
619,1,1724,740
620,1,1642,630
621,1,1640,624
622,0,0,0
623,1,1428,356
624,1,1428,354
625,1,1388,310
626,1,1354,280
627,1,1356,279
628,0,0,0
629,1,1275,213
630,1,1275,210
631,1,1235,184
632,1,1200,165
633,1,1204,170
634,1,1188,164
635,1,1185,160
636,1,1156,159
637,1,1148,156
638,1,1146,159
639,1,1146,158
640,1,1135,159
641,0,0,0
642,0,0,0
643,0,0,0
644,0,0,0
645,1,996,183
646,1,998,184
647,1,964,208
648,1,966,208
649,1,927,237
650,1,927,240
651,1,874,300
652,1,854,327
653,1,851,330
654,1,808,384
655,1,808,384
656,1,785,417
657,1,787,418
658,1,739,489
659,1,707,483
660,1,707,483
661,1,651,470
662,1,653,470
663,1,611,472
664,1,612,471
665,1,589,474
666,1,591,476
667,1,549,488
668,1,505,510
669,1,505,513
670,1,484,530
671,1,482,530
672,0,0,0
673,0,0,0
674,0,0,0
675,0,0,0
676,0,0,0
677,1,515,502
678,1,518,495
679,1,564,447
680,1,566,444
681,1,703,330
682,1,705,330
683,1,812,252
684,1,812,254
685,1,922,189
686,1,927,189
687,0,0,0
688,0,0,0
689,0,0,0
690,0,0,0
691,0,0,0
692,1,1094,162
693,1,1123,166
694,1,1135,170
695,1,1131,174
696,1,1146,183
697,1,1164,195
698,1,1165,194
699,1,1177,204
700,1,1177,201
701,1,1185,210
702,1,1210,237
703,1,1221,260
704,1,1233,248
705,0,0,0
706,0,0,0
707,1,1244,226
708,1,1242,225
709,1,1244,218
710,1,1252,212
711,1,1252,210
712,1,1254,202
713,1,1260,201
714,1,1258,200
715,1,1269,190
716,1,1281,194
717,1,1283,192
718,1,1292,200
719,1,1298,204
720,1,1306,212
721,1,1306,212
722,1,1317,240
723,1,1325,249
724,1,1325,267
725,1,1329,266
726,1,1334,285
727,1,1340,308
728,1,1340,308
729,1,1348,336
730,1,1298,316
731,1,1300,316
732,1,1227,274
733,1,1167,244
734,1,1094,216
735,1,1094,219
736,1,1073,212
737,1,1035,207
738,1,1039,207
739,1,998,207
740,1,987,207
741,1,983,206
742,1,966,208
743,1,956,214
744,1,956,213
745,1,941,219
746,1,927,226
747,1,927,225
748,1,914,228
749,1,897,219
750,1,889,208
751,1,891,213
752,1,883,202
753,1,874,194
754,1,868,186
755,1,852,183
756,1,852,183
757,1,837,177
758,1,837,178
759,1,824,176
760,1,806,170
761,1,795,171
762,1,795,171
763,1,778,168
764,1,762,168
765,1,747,168
766,1,745,166
767,1,728,171
768,1,710,177
769,1,693,183
770,1,674,188
771,1,676,186
772,1,657,195
773,1,634,206
774,1,614,218
775,1,614,214
776,1,584,232
777,1,570,248
778,1,572,248
779,1,549,268
780,1,524,284
781,1,524,284
782,1,497,308
783,1,474,333
784,1,453,363
785,1,422,392
786,1,428,393
787,1,399,428
788,1,399,426
789,1,344,504
790,1,315,548
791,1,315,550
792,1,284,598
793,1,261,618
794,1,259,618
795,1,204,615
796,1,140,622
797,1,142,622
798,1,113,630
799,1,83,638
800,1,81,639
801,1,15,669
802,0,0,0
803,0,0,0
804,0,0,0
805,0,0,0
806,0,0,0
807,0,0,0
808,0,0,0
809,0,0,0
810,0,0,0
811,0,0,0
812,0,0,0
813,0,0,0
814,1,1018,321
815,1,981,254
816,1,983,254
817,1,968,230
818,1,958,214
819,1,956,214
820,1,956,214
821,1,933,193
822,1,935,193
823,1,933,191
824,1,918,191
825,1,918,190
826,1,920,191
827,1,908,202
828,1,910,202
829,1,910,202
830,1,904,201
831,1,904,201
832,1,904,201
833,1,900,165
834,1,899,165
835,1,899,165
836,1,895,141
837,1,897,147
838,1,895,146
839,1,891,136
840,1,891,136
841,1,891,132
842,1,881,116
843,1,881,119
844,1,883,119
845,1,868,110
846,1,866,113
847,1,864,112
848,1,845,110
849,1,849,112
850,1,839,113
851,1,822,119
852,1,826,119
853,1,814,126
854,1,799,146
855,1,797,144
856,1,787,158
857,1,762,185
858,1,762,185
859,1,751,202
860,1,722,251
861,1,722,251
862,1,707,280
863,1,672,346
864,1,670,349
865,1,653,388
866,1,630,432
867,1,634,435
868,1,586,538
869,1,563,594
870,1,564,597
871,1,509,738
872,1,482,804
873,1,484,806
874,1,419,820
875,1,388,835
876,1,390,832
877,0,0,0
878,0,0,0
879,0,0,0
880,0,0,0
881,1,180,930
882,1,171,928
883,1,180,930
884,1,340,585
885,1,340,582
886,1,336,581
887,1,444,386
888,1,447,388
889,1,444,386
890,1,522,276
891,1,520,279
892,1,520,279
893,1,580,222
894,1,578,219
895,1,611,201
896,1,624,195
897,1,624,195
898,1,649,190
899,1,670,191
900,1,672,190
901,1,682,195
902,1,691,201
903,1,691,201
904,1,707,211
905,1,730,241
906,1,726,239
907,1,732,237
908,1,749,270
909,1,749,270
910,1,749,267
911,1,755,256
912,1,755,254
913,1,753,256
914,1,758,219
915,1,758,219
916,1,758,219
917,1,762,193
918,1,762,193
919,1,760,193
920,1,749,183
921,1,749,179
922,1,749,179
923,1,728,176
924,1,726,176
925,1,726,176
926,1,699,187
927,1,693,187
928,1,699,188
929,1,676,204
930,1,676,204
931,1,680,202
932,1,637,249
933,1,641,247
934,1,639,245
935,1,599,322
936,1,599,322
937,1,599,319
938,1,551,427
939,1,555,427
940,1,551,426
941,1,499,579
942,1,499,582
943,0,0,0
944,0,0,0
945,0,0,0
946,1,388,862
947,1,355,885
948,1,357,885
949,1,294,942
950,1,215,1022
951,1,211,1025
952,0,0,0
953,0,0,0
954,0,0,0
955,0,0,0
956,1,346,787
957,1,344,786
958,1,474,594
959,1,526,518
960,1,526,518
961,1,570,455
962,1,659,351
963,1,659,351
964,1,693,311
965,1,753,247
966,1,758,247
967,1,783,219
968,1,831,185
969,1,831,185
970,1,852,172
971,1,893,152
972,1,891,149
973,1,908,141
974,1,941,135
975,1,939,136
976,1,964,132
977,1,977,135
978,1,977,133
979,1,991,135
980,0,0,0
981,0,0,0
982,0,0,0
983,0,0,0
984,0,0,0
985,0,0,0
986,0,0,0
987,0,0,0
988,1,1075,204
989,1,1085,216
990,1,1085,216
991,1,1089,225
992,1,1102,249
993,1,1102,248
994,1,1108,259
995,1,1116,237
996,1,1119,237
997,0,0,0
998,1,1131,208
999,1,1131,208
1000,1,1140,195
1001,1,1146,188
1002,1,1142,190
1003,1,1150,187
1004,0,0,0
1005,0,0,0
1006,0,0,0
1007,1,1085,181
1008,1,1081,183
1009,1,1068,184
1010,1,995,218
1011,1,993,219
1012,1,995,214
1013,1,952,245
1014,1,952,247
1015,1,904,285
1016,1,881,306
1017,1,883,308
1018,1,831,362
1019,1,751,469
1020,1,749,469
1021,1,749,470
1022,1,693,522
1023,1,693,522
1024,1,637,527
1025,1,607,527
1026,1,603,527
1027,1,607,525
1028,1,503,556
1029,1,501,556
1030,1,505,553
1031,1,428,588
1032,1,428,585
1033,1,434,588
1034,1,261,699
1035,1,261,699
1036,0,0,0
1037,1,372,510
1038,1,371,512
1039,1,422,438
1040,1,465,377
1041,1,465,377
1042,1,532,286
1043,1,555,256
1044,1,559,254
1045,1,603,204
1046,1,636,173
1047,1,637,173
1048,1,649,162
1049,1,662,150
1050,1,662,149
1051,1,685,141
1052,1,697,133
1053,1,697,135
1054,1,712,130
1055,1,720,130
1056,1,718,130
1057,1,735,135
1058,1,739,141
1059,1,741,138
1060,1,749,149
1061,1,753,153
1062,1,755,153
1063,1,758,159
1064,1,766,170
1065,1,764,170
1066,0,0,0
1067,0,0,0
1068,0,0,0
1069,0,0,0
1070,0,0,0
1071,0,0,0
1072,0,0,0
1073,0,0,0
1074,0,0,0
1075,0,0,0
1076,0,0,0
1077,0,0,0
1078,0,0,0
1079,1,778,130
1080,1,780,129
1081,1,780,127
1082,1,778,133
1083,1,778,132
1084,1,780,138
1085,1,774,141
1086,1,776,141
1087,1,774,144
1088,1,774,152
1089,1,774,153
1090,1,772,152
1091,1,770,147
1092,1,770,149
1093,1,770,149
1094,1,770,149
1095,1,766,149
1096,1,766,152
1097,1,1114,483
1098,1,1112,483
1099,1,1129,550
1100,1,1148,622
1101,1,1146,620
1102,1,1192,741
1103,1,1217,762
1104,1,1213,766
1105,1,1279,841
1106,0,0,0
1107,0,0,0
1108,1,1398,1029
1109,1,1396,1025
1110,1,1369,850
1111,1,1327,714
1112,1,1267,515
1113,1,1265,515
1114,1,1244,446
1115,1,1244,443
1116,1,1227,392
1117,1,1200,314
1118,1,1202,314
1119,1,1190,286
1120,1,1173,245
1121,1,1175,245
1122,1,1162,221
1123,1,1158,213
1124,1,1154,205
1125,1,1150,205
1126,1,1142,199
1127,1,1140,201
1128,1,1133,199
1129,1,1133,199
1130,1,1131,205
1131,1,1125,208
1132,1,1123,210
1133,1,1123,219
1134,1,1119,224
1135,1,1119,224
1136,1,1123,216
1137,1,1121,195
1138,1,1121,193
1139,1,1121,184
1140,1,1119,172
1141,1,1117,161
1142,1,1119,161
1143,1,1119,158
1144,1,1119,156
1145,1,1116,156
1146,1,1119,156
1147,1,1125,150
1148,1,1123,147
1149,1,1131,149
1150,1,1146,141
1151,1,1146,141
1152,1,1150,141
1153,1,1167,147
1154,1,1165,147
1155,1,1173,149
1156,1,1194,161
1157,1,1192,164
1158,1,1202,173
1159,1,1212,181
1160,1,1213,183
1161,1,1231,211
1162,1,1244,237
1163,1,1244,233
1164,1,1258,259
1165,0,0,0
1166,1,1167,248
1167,1,1167,244
1168,1,1125,230
1169,1,1064,207
1170,1,1064,205
1171,1,1031,198
1172,1,1006,198
1173,1,1006,195
1174,1,958,191
1175,1,941,195
1176,1,900,195
1177,1,900,198
1178,1,870,202
1179,1,852,205
1180,1,851,207
1181,1,826,222
1182,1,810,222
1183,1,814,227
1184,1,806,213
1185,1,789,193
1186,1,791,191
1187,1,780,183
1188,1,770,168
1189,1,762,161
1190,1,760,165
1191,1,749,158
1192,1,739,156
1193,1,741,156
1194,1,735,153
1195,1,728,156
1196,1,724,158
1197,1,716,156
1198,1,705,150
1199,1,707,152
1200,1,695,141
1201,1,689,136
1202,1,687,141
1203,1,674,130
1204,1,651,126
1205,1,653,127
1206,1,641,126
1207,1,630,126
1208,1,632,124
1209,1,622,124
1210,1,599,132
1211,1,599,130
1212,1,572,147
1213,1,559,152
1214,1,563,153
1215,1,536,181
1216,1,520,193
1217,1,518,195
1218,1,492,231
1219,1,520,228
1220,1,520,231
1221,1,612,202
1222,1,655,193
1223,1,655,191
1224,1,728,179
1225,1,762,176
1226,1,762,179
1227,1,828,178
1228,1,856,176
1229,1,856,175
1230,1,912,184
1231,1,939,191
1232,1,935,190
1233,1,958,190
1234,1,1006,207
1235,1,1004,208
1236,1,1044,225
1237,1,1062,244
1238,1,1064,241
1239,1,1094,260
1240,1,1116,260
1241,1,1114,257
1242,0,0,0
1243,0,0,0
1244,1,1154,218
1245,1,1171,205
1246,1,1169,204
1247,1,1188,199
1248,1,1187,195
1249,1,1198,195
1250,1,1213,191
1251,1,1215,195
1252,1,1223,195
1253,1,1238,201
1254,1,1240,199
1255,1,1246,204
1256,1,1252,210
1257,0,0,0
1258,0,0,0
1259,0,0,0
1260,0,0,0
1261,1,1288,222
1262,1,1294,218
1263,1,1309,202
1264,1,1309,208
1265,1,1317,201
1266,1,1323,199
1267,1,1323,199
1268,1,1334,198
1269,1,785,683
1270,1,785,694
1271,1,789,711
1272,0,0,0
1273,1,854,616
1274,1,906,509
1275,1,977,374
1276,1,973,374
1277,1,998,329
1278,1,1020,299
1279,1,1037,271
1280,1,1056,253
1281,1,1075,231
1282,1,1085,227
1283,1,1094,219
1284,1,1098,218
1285,1,1106,219
1286,1,1106,218
1287,1,1114,224
1288,1,1119,227
1289,0,0,0
1290,1,1129,222
1291,1,1131,207
1292,1,1131,213
1293,1,1135,199
1294,1,1135,188
1295,1,1144,173
1296,1,1144,168
1297,1,1146,162
1298,1,1150,164
1299,1,1150,162
1300,1,1150,161
1301,1,1150,162
1302,1,1154,161
1303,1,1158,159
1304,1,1160,156
1305,1,1162,156
1306,1,1171,144
1307,1,1175,139
1308,1,1179,136
1309,1,1187,132
1310,1,1192,124
1311,1,1198,124
1312,1,1198,121
1313,1,1206,126
1314,1,1208,124
1315,1,1215,129
1316,1,1223,129
1317,1,1227,132
1318,1,1240,144
1319,1,1244,149
1320,1,1254,159
1321,1,1261,175
1322,1,1275,199
1323,1,1284,218
1324,1,1292,242
1325,1,1300,264
1326,1,1309,286
1327,1,1315,316
1328,1,1323,348
1329,1,1334,380
1330,1,1344,417
1331,1,1356,463
1332,1,1363,507
1333,1,1371,551
1334,0,0,0
1335,1,1392,634
1336,0,0,0
1337,1,1417,627
1338,1,1428,631
1339,1,1442,634
1340,1,1452,637
1341,1,1465,643
1342,1,1478,651
1343,0,0,0
1344,1,1296,460
1345,1,1236,399
1346,1,1187,352
1347,1,1139,314
1348,1,1140,314
1349,1,1100,282
1350,1,1068,259
1351,1,1037,241
1352,1,1004,228
1353,1,985,214
1354,0,0,0
1355,0,0,0
1356,1,945,205
1357,0,0,0
1358,0,0,0
1359,1,897,198
1360,1,883,204
1361,1,870,205
1362,1,860,202
1363,1,849,195
1364,1,845,198
1365,1,835,195
1366,1,824,193
1367,1,808,198
1368,1,781,204
1369,1,766,205
1370,1,751,214
1371,1,749,216
1372,1,733,224
1373,1,716,239
1374,1,697,248
1375,1,682,270
1376,1,659,283
1377,1,616,329
1378,1,622,328
1379,1,595,357
1380,1,572,384
1381,1,547,421
1382,1,501,501
1383,1,474,545
1384,1,476,545
1385,1,449,591
1386,1,422,646
1387,1,392,662
1388,0,0,0
1389,0,0,0
1390,0,0,0
1391,0,0,0
1392,0,0,0
1393,0,0,0
1394,0,0,0
1395,0,0,0
1396,0,0,0
1397,1,236,615
1398,1,313,538
1399,1,384,469
1400,1,453,415
1401,1,451,417
1402,1,513,366
1403,1,609,291
1404,1,657,262
1405,1,693,237
1406,1,732,214
1407,1,730,216
1408,1,764,204
1409,1,795,190
1410,1,822,178
1411,1,849,173
1412,1,872,165
1413,1,920,162
1414,1,916,164
1415,1,935,165
1416,0,0,0
1417,0,0,0
1418,0,0,0
1419,0,0,0
1420,0,0,0
1421,1,1029,195
1422,1,1043,208
1423,1,1052,213
1424,1,1058,214
1425,1,1048,210
1426,1,1037,202
1427,1,1025,201
1428,1,1016,191
1429,1,1008,190
1430,1,1006,188
1431,0,0,0
1432,1,968,190
1433,1,954,195
1434,1,939,199
1435,1,922,208
1436,1,908,216
1437,1,906,214
1438,1,893,231
1439,1,874,247
1440,1,837,282
1441,1,812,302
1442,1,797,330
1443,1,797,330
1444,1,772,360
1445,1,753,391
1446,1,728,426
1447,1,707,463
1448,1,684,502
1449,1,659,548
1450,1,657,551
1451,1,611,646
1452,1,580,653
1453,1,549,653
1454,1,520,656
1455,0,0,0
1456,0,0,0
1457,0,0,0
1458,0,0,0
1459,1,300,741
1460,0,0,0
1461,1,465,481
1462,1,507,426
1463,1,505,427
1464,1,543,377
1465,1,574,335
1466,1,603,306
1467,1,641,259
1468,1,662,241
1469,1,680,227
1470,1,693,213
1471,1,707,208
1472,1,718,201
1473,1,714,204
1474,1,728,198
1475,1,739,199
1476,1,747,195
1477,1,753,195
1478,1,762,195
1479,1,772,193
1480,1,795,193
1481,1,806,195
1482,1,820,199
1483,1,818,198
1484,0,0,0
1485,1,851,207
1486,1,866,222
1487,1,885,228
1488,1,895,244
1489,1,920,260
1490,1,935,279
1491,1,954,300
1492,1,960,299
1493,1,979,326
1494,1,1027,381
1495,1,1050,411
1496,1,1077,453
1497,1,1108,492
1498,1,1135,539
1499,0,0,0
1500,0,0,0
1501,0,0,0
1502,0,0,0
1503,0,0,0
1504,0,0,0
1505,0,0,0
1506,1,1373,679
1507,1,1413,696
1508,1,1444,717
1509,0,0,0
1510,1,1386,507
1511,1,1356,435
1512,1,1356,435
1513,1,1329,380
1514,1,1309,332
1515,1,1288,296
1516,1,1275,267
1517,1,1258,244
1518,1,1246,225
1519,1,1238,208
1520,1,1227,199
1521,1,1210,181
1522,1,1212,183
1523,1,1206,176
1524,1,1200,173
1525,1,1190,168
1526,1,1194,168
1527,1,1204,168
1528,1,1206,168
1529,1,1213,168
1530,1,1231,172
1531,1,1242,175
1532,1,1254,176
1533,1,1261,181
1534,1,1273,187
1535,1,1284,195
1536,1,1292,207
1537,1,1308,216
1538,1,1308,219
1539,1,1317,237
1540,1,1344,260
1541,1,1356,282
1542,1,1369,306
1543,1,1379,329
1544,1,1394,360
1545,1,1394,360
1546,1,1407,391
1547,1,1434,460
1548,1,1452,502
1549,1,1463,545
1550,1,1480,594
1551,1,1478,594
1552,1,1490,650
1553,1,1505,699
1554,1,1523,697
1555,1,1538,700
1556,1,1553,702
1557,1,1555,696
1558,1,1571,702
1559,1,1599,712
1560,1,1617,728
1561,1,1634,740
1562,1,1651,755
1563,1,1647,760
1564,1,1501,582
1565,1,1434,507
1566,1,1369,440
1567,1,1311,386
1568,1,1261,339
1569,1,1213,299
1570,1,1213,297
1571,1,1135,239
1572,1,1098,213
1573,1,1064,195
1574,0,0,0
1575,0,0,0
1576,0,0,0
1577,1,927,150
1578,1,908,150
1579,1,885,146
1580,1,887,147
1581,1,866,149
1582,1,849,147
1583,1,820,161
1584,1,804,168
1585,1,791,173
1586,1,791,173
1587,1,780,185
1588,1,756,202
1589,1,745,211
1590,1,737,225
1591,1,728,237
1592,1,724,237
1593,1,726,239
1594,0,0,0
1595,0,0,0
1596,1,714,216
1597,1,710,208
1598,1,710,210
1599,1,710,208
1600,1,707,208
1601,1,703,208
1602,1,701,208
1603,1,699,213
1604,1,701,219
1605,1,701,225
1606,1,699,228
1607,1,701,248
1608,1,699,257
1609,1,699,273
1610,1,699,291
1611,1,699,309
1612,0,0,0
1613,0,0,0
1614,0,0,0
1615,0,0,0
1616,1,774,329
1617,1,808,300
1618,1,874,257
1619,1,876,259
1620,1,900,244
1621,1,925,230
1622,1,950,221
1623,1,970,208
1624,1,991,205
1625,1,1025,199
1626,1,1025,198
1627,1,1043,195
1628,1,1058,195
1629,1,1071,198
1630,0,0,0
1631,1,1094,204
1632,1,1096,202
1633,1,1117,213
1634,1,1125,219
1635,1,1137,222
1636,1,1154,204
1637,1,1160,195
1638,1,1165,190
1639,1,1167,190
1640,1,1171,185
1641,1,1181,181
1642,1,1188,175
1643,1,1192,173
1644,1,1198,175
1645,1,1200,178
1646,1,1210,179
1647,1,1213,181
1648,1,1219,181
1649,1,1231,178
1650,1,1235,172
1651,1,1240,170
1652,1,1240,172
1653,1,1248,167
1654,1,1252,167
1655,1,1252,162
1656,1,1261,165
1657,1,1265,161
1658,1,1271,162
